{"cameraMode":{"drawMode":0,"name":"Shaded","section":"Shading Mode"},"sceneLighting":true,"audioPlay":false,"sceneViewState":{"showFog":true,"showMaterialUpdate":false,"showSkybox":true,"showFlares":true,"showImageEffects":true,"showParticleSystems":true},"in2DMode":false,"pivot":{"x":-0.5049124956130981,"y":-1.017263412475586,"z":-0.05048179626464844},"rotation":{"x":-0.3497371971607208,"y":0.05335912108421326,"z":-0.01995692402124405,"w":-0.9351142048835754},"size":15.034469604492188,"orthographic":false}